rooms,bathrooms,total_surface,building_age,floor_material,style,monthly_rent
1,1,94.25527110081677,5,Laminate,Minimalist,2612.2507750427453
4,1,168.10273614927777,15,Hardwood,Contemporary,3407.530826893156
2,1,150.61887482865615,4,Vinyl,Modern,3917.745650720774
3,3,65.49607270511531,31,Tile,Minimalist,2880.625382862318
3,3,79.64903376085286,26,Hardwood,Industrial,2792.7497009742533
3,3,161.97629220580606,7,Hardwood,Minimalist,4024.2644291732877
3,1,153.15068695994927,2,Hardwood,Modern,3619.9498026689794
3,2,57.844683677337784,14,Hardwood,Traditional,2311.1367024831916
5,2,192.04595028957442,37,Vinyl,Minimalist,4534.468382125606
3,2,158.18901789293412,47,Laminate,Traditional,3905.222395161961
3,3,196.68187328709473,17,Tile,Minimalist,4214.922830013713
2,2,142.69279047797153,6,Tile,Industrial,3832.577015138434
2,3,77.67042505812657,19,Vinyl,Traditional,2381.295386107209
5,3,158.88174290537225,18,Tile,Industrial,3996.6063403989565
5,3,91.8488063737081,16,Hardwood,Modern,3671.5109417504827
4,1,146.5008052379916,2,Tile,Modern,4252.47609975321
2,3,70.32373314594291,17,Laminate,Traditional,3137.2349945435376
2,3,136.92027387992283,16,Hardwood,Modern,3346.1952252099895
3,3,165.36847137520328,35,Tile,Modern,4180.485442274296
3,1,168.0080137879205,37,Hardwood,Minimalist,3489.4603711909785
2,1,155.43583533007165,27,Carpet,Modern,2877.767193297735
2,1,150.74345258399524,31,Tile,Minimalist,3266.196034305613
1,1,127.67176087168663,47,Hardwood,Modern,1867.2807958263834
2,2,169.55321095974438,28,Hardwood,Industrial,3180.489948284928
2,2,80.81746847322444,25,Carpet,Industrial,2545.046171870283
1,1,86.21841362537496,44,Laminate,Industrial,2273.9562123445085
4,1,82.5249944976129,36,Hardwood,Minimalist,2313.3133889389915
2,3,149.8603387352207,17,Laminate,Modern,3584.5694106968713
3,1,129.82688860961431,1,Laminate,Minimalist,3980.4017468657707
1,2,64.84233873236197,39,Tile,Modern,1569.9693831299865
5,2,171.36930156434903,49,Carpet,Minimalist,3873.9950878908767
5,1,117.43692253188205,11,Tile,Contemporary,3779.872279173399
2,1,109.05855320166475,34,Hardwood,Modern,2214.318078278445
3,3,101.74031417968524,23,Laminate,Industrial,2980.8837351190296
4,1,132.0487195615572,8,Tile,Contemporary,4017.954886422106
3,1,131.71723569234257,36,Laminate,Modern,3540.7316733533225
4,1,168.4317601263451,21,Tile,Minimalist,4357.5194510845795
1,3,182.36683776372703,43,Hardwood,Minimalist,2982.3948303949737
4,1,130.61089045464803,4,Laminate,Industrial,4182.781158714782
3,1,143.79008078711172,21,Carpet,Industrial,3122.65128317311
2,2,175.21477910663086,27,Laminate,Industrial,3899.284611496576
3,1,144.40564759533584,11,Hardwood,Contemporary,3104.8471004401963
1,2,47.46970390844897,18,Carpet,Minimalist,1766.2677214079524
2,3,135.61684857778266,6,Vinyl,Contemporary,4137.89538675959
2,2,103.83597709767741,40,Hardwood,Traditional,2207.085911128563
5,3,192.17843443364552,32,Carpet,Traditional,4799.353888668267
4,3,153.43838859294323,13,Tile,Industrial,4660.571539250538
5,2,143.61818573053273,0,Hardwood,Traditional,3935.1021452288546
2,3,47.07294414980197,31,Carpet,Modern,2649.4245882691844
3,1,155.13701443131288,4,Laminate,Traditional,3057.173684534552
2,2,131.71158156813985,1,Carpet,Contemporary,3485.0970257882905
1,2,169.77750120203038,10,Laminate,Minimalist,3050.379988857269
3,1,106.02275937054786,32,Tile,Industrial,3188.0819633214787
1,3,102.21342947854986,23,Laminate,Contemporary,2828.909245323214
1,2,161.7979851889758,26,Carpet,Modern,2512.7398453828046
4,1,106.92076480107187,27,Tile,Modern,3140.210663420114
1,2,126.7395318094797,20,Tile,Industrial,2327.30802792483
1,1,34.56395866050818,43,Vinyl,Modern,1280.7272783479355
4,1,65.89890072147948,10,Hardwood,Traditional,2523.5828592406947
4,1,55.78650040353714,45,Laminate,Minimalist,2303.928195514618
2,1,138.47404916084943,0,Carpet,Modern,2878.883347020038
5,3,168.01667104892385,11,Carpet,Industrial,5059.812377813944
4,1,184.55644188619902,44,Carpet,Minimalist,3686.9793729040307
4,3,62.438754117558695,48,Carpet,Minimalist,3452.409481218061
4,3,35.71742029445116,12,Hardwood,Minimalist,2935.281940600041
4,2,93.83072764696888,16,Carpet,Industrial,4020.6112371700324
4,2,154.64593552848885,1,Laminate,Contemporary,4657.868777449041
3,1,189.49259582723263,26,Hardwood,Industrial,4256.76352011192
5,2,128.97496126105327,10,Carpet,Contemporary,4317.903197753571
4,1,104.98513591177175,35,Vinyl,Minimalist,2870.116013946503
2,1,135.73529819522676,42,Hardwood,Minimalist,2328.6831263187632
2,3,167.71169398197543,25,Tile,Minimalist,3078.1374320020473
2,1,182.26550085132467,35,Carpet,Modern,2845.127137008672
5,3,92.42365839410655,5,Hardwood,Minimalist,3595.706791416059
5,3,179.51557600129908,42,Carpet,Contemporary,5162.083338094058
4,1,172.56054376369548,16,Tile,Industrial,3576.1101399731656
2,2,99.2675119471959,22,Carpet,Industrial,2317.8605865619206
3,3,184.87979494625,26,Tile,Minimalist,4303.651810651598
5,3,78.30830151231322,2,Vinyl,Contemporary,4295.05952788195
1,2,167.4166747473484,40,Tile,Traditional,2464.7490717863166
5,3,191.65576587539573,15,Vinyl,Modern,5422.460138326063
2,1,69.43101201018767,11,Vinyl,Traditional,1937.066159425479
2,2,128.80425882997358,42,Laminate,Modern,2609.0141696793835
5,2,118.20582969513839,49,Tile,Contemporary,3175.9383527054697
4,2,120.21936912732431,44,Carpet,Industrial,3694.321580532715
2,3,151.44496667532582,45,Tile,Modern,3617.431828001555
4,3,31.956446110754715,14,Vinyl,Traditional,3022.9004674530584
4,2,111.56816893918356,31,Tile,Modern,3963.444809497976
2,1,104.33670142943289,4,Hardwood,Minimalist,3264.700362922373
5,2,32.60550953133864,16,Tile,Contemporary,2648.0569529218205
5,3,162.07502955751826,18,Vinyl,Modern,4216.517682047178
5,1,103.13559066923288,9,Hardwood,Minimalist,3633.9701596516898
3,3,194.89862140591427,8,Vinyl,Minimalist,3637.6761197427636
5,1,47.11595614358699,17,Carpet,Minimalist,2885.0448646498776
2,2,73.33183708887992,32,Carpet,Modern,2372.4097280675264
4,3,174.30506612463358,0,Hardwood,Modern,4198.672382843689
3,1,139.78767604786498,49,Tile,Traditional,2972.9963487735163
5,3,35.327749663785596,22,Vinyl,Minimalist,3039.3010849538637
4,3,77.62970015997485,40,Vinyl,Traditional,3565.252611436824
5,2,194.4952380839402,17,Laminate,Contemporary,3877.1058855050655
2,1,74.09145825785487,47,Vinyl,Modern,2353.6560660626337
5,1,110.77329194551578,16,Vinyl,Traditional,3412.0835057506924
3,1,56.06516565591968,49,Tile,Modern,1760.9695019755459
2,1,146.96795279929864,46,Laminate,Contemporary,3006.4067181826404
2,2,100.56694413883531,37,Carpet,Traditional,2816.1982322329072
3,3,116.89937378500466,23,Vinyl,Modern,3006.5002738161998
3,1,140.5148055765474,5,Carpet,Minimalist,3585.0543576758737
4,2,134.51885455246173,39,Hardwood,Contemporary,4067.603259792897
4,3,91.35026772875361,34,Vinyl,Traditional,3831.835678005224
1,2,92.03968826133614,16,Carpet,Contemporary,2739.572456456634
2,2,57.27013567900447,36,Hardwood,Modern,1950.762557388835
3,3,51.57642369798445,0,Tile,Traditional,3076.875782223123
4,3,160.3595127873504,46,Laminate,Minimalist,3279.2100616289877
1,2,109.8381181145386,5,Tile,Minimalist,2329.3155858990167
4,1,30.578944522350678,49,Tile,Minimalist,2544.4522245349485
4,2,127.012710672346,42,Hardwood,Contemporary,3160.9699975879043
3,2,75.39827891028162,44,Hardwood,Modern,2765.8806528974474
4,1,113.80157852128592,36,Carpet,Contemporary,3307.57272568762
2,1,34.16445850639635,18,Tile,Industrial,1640.5335249268728
3,2,170.62546850265866,34,Hardwood,Industrial,3277.9559067707805
2,3,195.40824938016632,2,Hardwood,Contemporary,4445.478764870601
2,3,160.13735934724141,15,Hardwood,Contemporary,3948.9279145709515
4,1,158.0061059018514,0,Carpet,Contemporary,4621.445744828673
4,1,69.53349265299586,15,Carpet,Minimalist,3439.4600081431145
3,1,127.6708086797126,26,Hardwood,Industrial,3451.6841902901147
1,3,57.62727389912265,13,Hardwood,Minimalist,2531.9623157787346
1,3,94.07778235601421,47,Vinyl,Traditional,2463.0922391917084
3,3,122.7166651977625,19,Vinyl,Traditional,3473.4225011288354
4,1,45.02158314895769,23,Hardwood,Modern,2124.462964182437
4,3,92.92630597288803,15,Vinyl,Minimalist,4081.57258082744
3,2,87.38769693272849,29,Hardwood,Industrial,2562.1201281183635
4,1,91.67853544582672,22,Carpet,Minimalist,3105.6742595043656
1,3,134.65647267267113,15,Carpet,Minimalist,3174.0173253603807
1,3,132.955834222362,24,Vinyl,Contemporary,2441.016377323464
5,3,169.36951818157092,47,Vinyl,Industrial,3462.4697735263426
5,1,125.51349876409756,28,Tile,Contemporary,3265.382412261692
3,2,80.66061289994184,38,Carpet,Contemporary,2982.6930401781374
1,3,70.23611385952286,48,Vinyl,Industrial,2446.097038462643
5,3,104.51216814401636,7,Tile,Contemporary,3830.297619127919
5,2,41.340145078147685,29,Carpet,Contemporary,2878.995788372078
3,2,148.8061445413414,30,Hardwood,Traditional,2989.3093819714763
1,2,58.489386588718844,47,Hardwood,Minimalist,1888.708560814421
5,2,112.75693613280556,44,Laminate,Traditional,3951.7209148462607
5,2,91.89799417112707,8,Hardwood,Contemporary,3117.0802808575427
1,2,82.27622190708495,39,Carpet,Traditional,2357.7779495816612
5,2,105.17918751238429,8,Hardwood,Contemporary,4619.431386923027
1,1,85.28536562754445,8,Carpet,Modern,2536.2402900196453
1,2,138.84342074916145,23,Laminate,Traditional,2569.7291893244983
5,2,145.19768753752228,39,Laminate,Modern,3212.4048504973543
2,3,166.83769106075476,39,Vinyl,Minimalist,3121.6429962833768
4,3,60.34779515090663,38,Carpet,Contemporary,3184.3224642884
1,2,177.7549647185819,45,Tile,Contemporary,3588.4786193557857
3,2,138.7729133857979,20,Laminate,Industrial,3341.8607675231756
1,3,99.92809179337641,39,Carpet,Industrial,2978.1250087429557
1,3,65.80830782910108,10,Vinyl,Minimalist,2456.344712286269
3,2,128.56755783241968,14,Carpet,Traditional,3759.9986606980337
5,1,64.24349842095003,48,Hardwood,Contemporary,2874.554736488794
1,2,196.2059547087104,23,Laminate,Traditional,3068.9706979319885
3,2,188.80206138975214,31,Vinyl,Modern,3964.0404775110815
5,2,78.62739240006132,42,Carpet,Modern,3889.3687206220975
4,1,144.26483305054398,33,Vinyl,Contemporary,4204.787792910864
1,2,107.40303122113002,44,Carpet,Contemporary,2068.2787687910663
5,2,36.80808332946369,37,Carpet,Minimalist,3214.3030320133466
3,1,171.3072968373911,14,Hardwood,Contemporary,3790.1946419719643
2,3,114.27566658002475,16,Vinyl,Traditional,2563.273229060308
2,1,187.78363665379672,43,Carpet,Minimalist,2835.571104056586
3,3,118.72461007713532,36,Vinyl,Industrial,3844.2899933492563
1,2,173.9873901184581,3,Tile,Minimalist,3276.230803907679
2,3,35.11721796013308,20,Carpet,Minimalist,1936.6118870100759
3,1,176.87912144240073,23,Tile,Minimalist,3451.119161986944
3,3,30.876436366720142,34,Laminate,Minimalist,2786.0585429769326
1,1,161.88465182601342,31,Hardwood,Modern,2966.3704634371543
5,1,166.85338115850917,45,Vinyl,Industrial,3600.2309034981095
5,3,45.76914150998859,49,Laminate,Industrial,3319.4096568100526
5,2,100.59627713702729,29,Vinyl,Minimalist,3121.3279241160153
4,3,123.38105565564473,40,Hardwood,Contemporary,2964.250262572443
4,2,83.41557292390809,2,Laminate,Minimalist,3013.517349530121
2,2,119.92856200056781,19,Vinyl,Traditional,2572.506430564201
1,3,115.99995707503776,42,Tile,Traditional,2554.410158222674
5,3,191.89144608002618,23,Carpet,Contemporary,5503.527114535925
4,1,181.00726073929414,9,Hardwood,Traditional,3535.735039512157
4,1,120.51653763020472,5,Laminate,Minimalist,4199.54198623408
1,3,88.8803708307918,30,Tile,Traditional,2964.7960775695506
3,3,97.1768630062335,26,Laminate,Contemporary,2758.4507376385372
3,1,80.53259639758781,7,Carpet,Traditional,2454.7400985965833
3,2,53.88100645598578,20,Tile,Traditional,3128.6154534341504
5,3,164.16227891373035,13,Hardwood,Minimalist,3720.062910817171
3,1,164.41546365277273,36,Hardwood,Traditional,3458.7324730062546
1,3,54.5974377881016,32,Vinyl,Traditional,2075.1087905232735
2,2,146.32203409852352,15,Carpet,Contemporary,3754.7053485056913
2,1,185.57912471600312,47,Hardwood,Minimalist,3120.2452658415827
2,3,79.73411682214208,36,Laminate,Traditional,2287.145252784217
3,1,89.00137899924181,20,Tile,Contemporary,3325.41946374909
4,2,102.41512188941897,38,Hardwood,Traditional,3646.5296539384326
5,3,57.91115822700857,3,Vinyl,Industrial,4175.856335140048
2,3,92.07641906441651,24,Hardwood,Modern,3301.7377342234713
1,2,78.69003736753966,45,Vinyl,Traditional,2323.567430286709
5,3,163.26659336278885,13,Vinyl,Contemporary,4196.846997043166
5,2,177.48759187376567,39,Hardwood,Industrial,3651.965575467162
4,1,60.19059380170021,28,Tile,Modern,2631.8266254017612
4,1,184.25980804814375,24,Tile,Traditional,4234.972023165157
4,1,78.78222379793489,14,Vinyl,Minimalist,3377.165667866428
3,1,173.8769953225886,28,Laminate,Industrial,3952.083778418441
3,3,84.17330810214838,27,Vinyl,Minimalist,2523.293547453341
5,2,90.84308825855494,0,Laminate,Traditional,3695.1584774867647
4,1,53.088796592649025,45,Tile,Contemporary,2918.1890491210634
5,2,159.12142364548035,12,Vinyl,Modern,4381.656537638816
3,3,105.80945891813032,13,Hardwood,Minimalist,3036.4652338608357
2,3,92.93405401714601,12,Tile,Modern,2917.888515396814
3,2,51.50902742224428,2,Hardwood,Industrial,2774.4391104580795
4,2,85.62688731984998,21,Laminate,Contemporary,3046.2832939210534
4,3,33.16101830270015,16,Vinyl,Industrial,2479.556705127788
1,1,44.28603238829558,38,Hardwood,Minimalist,1769.8774000316296
5,2,105.8431559217459,33,Tile,Contemporary,3167.100648870004
1,1,57.25142057008448,34,Hardwood,Contemporary,1933.8546136565476
1,1,180.6440304320525,19,Hardwood,Industrial,3464.0399489064694
2,3,123.78779126885784,14,Laminate,Traditional,2784.340944501513
4,3,43.543444515040136,32,Vinyl,Contemporary,2576.9652533991616
1,2,169.67001948533073,48,Tile,Contemporary,3316.5638324740275
2,1,77.02179042304634,19,Tile,Contemporary,2143.0263449188315
2,1,86.23041999007008,21,Vinyl,Industrial,2088.438855482858
2,1,179.52569957347507,43,Vinyl,Minimalist,3577.7145223896578
1,3,92.05436379066907,49,Hardwood,Modern,1991.3855622826984
5,3,153.48739416948908,2,Tile,Minimalist,4596.124082976053
3,1,167.62457255016974,22,Hardwood,Modern,3572.1505126296324
5,2,120.67749155284646,19,Tile,Traditional,3462.3828368026684
3,3,157.8068854046677,6,Hardwood,Traditional,4439.500691006508
3,2,59.38148689786038,34,Hardwood,Modern,2889.898500310737
2,3,120.85901389165211,40,Hardwood,Industrial,2718.4917092557175
1,3,37.72912765542707,24,Tile,Contemporary,1644.719684810352
4,2,37.55541043660593,9,Vinyl,Traditional,2606.9061619285585
5,1,147.63196207924005,9,Tile,Traditional,3300.5541275646074
3,2,79.15521179310721,16,Tile,Minimalist,2393.5037138448456
3,1,90.3032389712876,41,Vinyl,Modern,2698.3798954194385
4,3,103.7837040998184,32,Hardwood,Industrial,3648.301234453374
2,2,86.09834475596688,22,Hardwood,Traditional,2412.969093961067
2,1,195.11293280688992,48,Tile,Industrial,2994.213310211406
1,2,198.67840058643705,36,Tile,Modern,3080.6565931465548
2,3,150.196396566591,22,Tile,Modern,3635.0965327333333
1,2,189.56656332404216,10,Laminate,Modern,3219.94242889983
1,1,57.482676398504175,36,Hardwood,Contemporary,1471.7755837861437
4,1,110.67820317477461,17,Carpet,Modern,3398.183351989183
2,1,164.13718279089673,15,Vinyl,Modern,3269.6234751930706
1,1,36.9497122574945,5,Carpet,Industrial,2095.1183869378465
5,1,92.35843035745519,4,Carpet,Traditional,4246.997298291787
4,1,163.7255248410028,30,Carpet,Minimalist,3839.5614030229763
2,3,119.09585881041336,23,Carpet,Modern,3602.9328398450066
1,3,58.349477169367844,48,Hardwood,Traditional,2288.72711823773
1,2,131.47011340771132,3,Hardwood,Traditional,2672.9095786835205
1,3,152.7384143279771,30,Hardwood,Minimalist,2757.9971118506187
3,2,177.5965129703956,28,Hardwood,Traditional,3721.314228715559
4,3,179.60797035116605,34,Carpet,Industrial,4102.720303238909
3,3,152.55281772731138,38,Carpet,Contemporary,3309.4582184600217
5,1,171.048180046651,45,Hardwood,Contemporary,3910.8805289161733
4,2,159.28680389187514,21,Laminate,Traditional,4527.098203517282
1,2,129.628997984394,18,Tile,Traditional,2683.043587475384
1,1,115.82606786752838,28,Carpet,Traditional,2094.684220623036
5,1,131.3044573694277,5,Hardwood,Contemporary,3556.1265132256726
1,3,98.85175236856958,49,Laminate,Traditional,2870.6814814723616
4,3,182.15086902622028,13,Carpet,Modern,5350.124278570332
3,2,134.96832387798085,41,Tile,Contemporary,3485.634206558034
4,1,146.12194825923163,29,Vinyl,Industrial,3531.9592766692977
1,2,44.1312361416906,25,Carpet,Modern,2070.3520632785608
3,1,56.28734336385083,37,Vinyl,Minimalist,2597.22969815494
4,1,80.19259741184709,24,Laminate,Modern,3292.392143207192
5,2,39.55758766193235,45,Hardwood,Traditional,3039.2106500475293
2,1,104.66999777559938,26,Laminate,Traditional,2147.111507113698
3,3,180.04430633522145,23,Laminate,Contemporary,3415.921115160908
3,1,118.21102308410498,3,Tile,Traditional,3157.692922415629
4,1,112.30182068638682,30,Laminate,Modern,2905.084875531347
4,2,92.91494187630518,37,Vinyl,Industrial,2909.051504312684
5,2,135.0088751935103,48,Hardwood,Traditional,3225.114743341872
3,3,156.3709121922794,13,Carpet,Minimalist,4416.68122474166
4,3,147.93771861993105,44,Laminate,Industrial,4148.793373292492
4,3,127.72406198724788,31,Laminate,Industrial,3932.8704935093533
2,3,45.580954676245504,30,Laminate,Traditional,2764.632284145707
5,2,71.84715127943765,48,Laminate,Modern,3585.7073099376544
2,1,108.05339452904451,39,Hardwood,Industrial,2855.9144941696336
3,1,172.26669996467206,38,Carpet,Minimalist,3724.5074554410294
2,2,51.32370431052559,41,Carpet,Contemporary,2239.6398744939106
5,3,141.296874026065,24,Laminate,Minimalist,4200.58806821657
1,3,77.84385653453624,38,Carpet,Contemporary,2186.7302163372583
1,3,51.549729593044276,11,Laminate,Industrial,2205.1409706755526
1,2,161.6009896918742,49,Tile,Modern,2529.6719078237707
4,1,138.79286344388933,21,Carpet,Industrial,3380.0606395967416
2,1,177.21036544827405,47,Tile,Contemporary,3232.98601341007
4,3,142.6588168123575,2,Carpet,Contemporary,4616.37620596395
4,1,164.81236859584516,1,Vinyl,Industrial,4342.817481658426
2,1,167.55636871990194,26,Hardwood,Industrial,2852.1834374535283
4,2,113.2949123914967,9,Vinyl,Industrial,3526.190128370519
2,1,128.8258619308413,28,Hardwood,Contemporary,3369.241117239256
5,3,107.50333057007867,32,Laminate,Industrial,3634.110670629193
1,3,132.90120809269976,27,Carpet,Contemporary,3338.1294676026114
2,3,135.9633369576271,42,Tile,Minimalist,3174.226611904318
4,3,78.00835055575772,39,Laminate,Industrial,2835.8080222941994
1,2,43.80934078119851,8,Tile,Industrial,2399.5651094274817
1,1,142.53945285186654,13,Tile,Modern,2800.1481797258884
3,1,113.38291784701336,7,Tile,Contemporary,2643.5792245029884
4,1,41.79723809003277,20,Vinyl,Traditional,2920.8848859634936
4,1,90.95782707113203,31,Hardwood,Minimalist,2743.9719912229043
3,3,30.453131149230217,2,Carpet,Modern,2600.8897407322333
3,3,34.2590555137516,25,Carpet,Contemporary,2543.9793077202603
4,1,190.5703431075748,35,Carpet,Modern,4583.6048040470805
1,3,95.65722737415942,12,Vinyl,Modern,2926.071719041677
2,1,48.32525945044275,2,Vinyl,Industrial,2190.559017825532
4,3,171.28566589961008,34,Tile,Modern,4623.69541843078
1,3,114.8983888916859,26,Tile,Traditional,2705.3998847836497
1,1,31.48792772156255,2,Tile,Modern,1755.1673805551854
4,2,151.04997851943435,24,Tile,Traditional,4615.3790732396865
3,3,56.24201896494904,45,Tile,Traditional,2502.6451278814816
3,2,180.296822201796,48,Laminate,Contemporary,3677.4554620700956
4,3,162.8633454648351,34,Tile,Traditional,4016.005207881527
1,2,128.25868534043977,10,Carpet,Contemporary,2407.047099691579
3,1,76.81437828836926,17,Carpet,Traditional,2742.8539705761505
2,2,83.48721551846872,42,Laminate,Traditional,2120.652227758092
1,2,187.24008671836646,16,Vinyl,Industrial,3444.543545767777
4,3,170.49082858428005,15,Tile,Traditional,4618.487668483378
4,2,98.87713491138985,8,Tile,Traditional,4128.589655068627
4,1,122.89547539709345,45,Vinyl,Industrial,3535.912574619094
3,2,127.22734516743147,28,Vinyl,Contemporary,2734.9316367654224
5,2,168.94798383874186,46,Tile,Contemporary,4541.877364579149
5,2,114.25109290754916,35,Tile,Contemporary,3436.569313872544
5,1,144.09088716648117,35,Vinyl,Contemporary,3648.3420930818706
3,3,83.78171874427001,19,Vinyl,Traditional,3153.681975883301
3,1,54.98567296668572,33,Carpet,Modern,2583.900438164344
5,2,31.193042350291307,37,Tile,Contemporary,3265.5307255941166
2,1,134.49018721231906,49,Vinyl,Industrial,2487.2717337657273
3,2,93.97124880855021,21,Carpet,Traditional,3345.680273312371
5,3,155.5839014612777,48,Vinyl,Traditional,4776.553354613677
5,1,142.34942231466613,17,Tile,Contemporary,3653.193311029698
1,3,71.03378041115553,9,Hardwood,Industrial,2071.2647449006045
4,3,89.43163426906477,27,Hardwood,Minimalist,3821.7694139297914
3,3,75.41351715333387,21,Hardwood,Minimalist,3613.286541630435
5,2,169.0398271518724,35,Vinyl,Contemporary,3975.573839975495
5,3,54.53169425432116,38,Tile,Minimalist,3830.631098079179
4,1,89.45620083020752,30,Vinyl,Industrial,3417.567580864954
2,3,198.59028844236406,32,Carpet,Industrial,3558.023918727237
5,3,53.268072853087794,44,Carpet,Industrial,2832.6436972565834
1,1,194.07576537747593,23,Hardwood,Industrial,3646.0989481652973
5,1,183.03603450461324,1,Laminate,Modern,4713.346450203495
2,1,178.28175395441428,18,Carpet,Minimalist,4070.2628066510265
1,1,116.80107707889664,14,Laminate,Contemporary,2341.242410422486
1,3,182.34535777323993,5,Tile,Contemporary,3403.161739187293
3,3,137.6536022760054,18,Carpet,Traditional,3560.2391148909933
5,2,81.83368608078365,11,Hardwood,Modern,3323.0953176470457
2,3,48.14907105435989,11,Laminate,Minimalist,2793.1681571546565
2,3,75.8977993923137,8,Laminate,Contemporary,2935.6263590882795
3,2,114.27650621972128,15,Laminate,Minimalist,3870.7264851570567
3,3,103.93378220851584,15,Laminate,Contemporary,3176.123841099727
3,1,64.53101647954352,30,Hardwood,Traditional,2261.9178837425175
4,2,199.61519493105877,12,Laminate,Traditional,5039.015686731352
2,2,132.6674682046377,2,Vinyl,Industrial,2921.079297340946
2,2,91.89524859741813,22,Tile,Contemporary,2678.2167153635073
4,3,107.68218183855339,41,Carpet,Minimalist,4156.54858525529
5,3,118.7032527136604,0,Tile,Modern,4614.418526186675
3,3,82.0816151893104,18,Hardwood,Contemporary,3501.06202280468
3,1,54.33834967158411,37,Hardwood,Minimalist,2263.28552481907
3,3,101.89723868646955,31,Laminate,Traditional,2908.4123256720445
1,3,115.00689951827358,17,Tile,Minimalist,3163.062765994441
4,2,114.64431156961979,6,Hardwood,Minimalist,3600.5499311736353
1,3,173.12418427639517,19,Hardwood,Contemporary,3361.5380328891547
3,3,135.57999876243056,29,Hardwood,Modern,3744.7876490087533
2,3,113.82302619689777,5,Laminate,Traditional,3936.3675995365716
5,3,84.8199531682434,33,Hardwood,Contemporary,3361.047750576225
3,3,187.3574317076003,35,Vinyl,Minimalist,4585.568179692798
5,1,74.10557067607583,25,Vinyl,Minimalist,2844.9217439069967
1,2,169.28154324704212,7,Vinyl,Industrial,2815.8223735159972
4,3,36.82127988744152,43,Hardwood,Modern,2719.5637872278503
5,3,89.15214977922285,18,Laminate,Traditional,4055.3816215761744
3,2,88.43450133003421,36,Tile,Contemporary,3373.12068513178
5,2,55.717775363273844,0,Vinyl,Modern,3163.7426422664334
3,3,58.070271908568714,32,Vinyl,Traditional,2283.467051870815
4,2,74.98403314915868,18,Vinyl,Contemporary,2827.0140874597387
1,3,121.96731196265709,37,Tile,Minimalist,2378.4808290196365
3,2,159.78617507047517,0,Vinyl,Modern,3814.2487955000033
1,1,96.07209020181098,7,Laminate,Contemporary,2624.4015467097006
2,1,75.32544534660474,25,Vinyl,Minimalist,2119.1265857636886
2,2,177.29221652382964,13,Laminate,Contemporary,3316.1657245680067
2,2,185.18787991868987,40,Hardwood,Industrial,3087.41253828655
1,2,172.9149267062126,45,Hardwood,Minimalist,3450.824653369618
2,2,98.10651655896785,16,Vinyl,Modern,2331.392251212555
2,3,31.314110962422635,17,Hardwood,Traditional,1918.1227054347053
5,2,104.85233204936873,16,Tile,Modern,4254.3869947324865
2,2,47.25611910636773,46,Laminate,Industrial,1857.0517770389674
4,2,94.7389353220014,39,Laminate,Modern,3114.2448348239404
5,3,170.71755491232256,43,Tile,Traditional,4032.1205000374607
4,1,178.24553279495987,38,Laminate,Industrial,4014.27690161193
1,1,85.31931718845586,5,Hardwood,Industrial,2628.61573575086
2,1,78.04777853691597,9,Hardwood,Modern,2375.7115290458896
3,1,143.84163019045684,9,Tile,Contemporary,3986.298921260803
5,3,74.13645289460436,32,Carpet,Contemporary,3661.4952913765205
5,2,106.30909832767057,6,Hardwood,Contemporary,4001.7831795401785
3,1,68.61861125831135,9,Carpet,Industrial,3156.159753092661
3,1,159.3564901306044,36,Hardwood,Contemporary,2716.292818804076
2,3,54.38389335502926,10,Hardwood,Contemporary,2179.260108669535
2,1,97.50102654438376,46,Carpet,Modern,2534.9982462055846
3,1,159.19369516718933,49,Vinyl,Modern,3284.7961089347227
4,2,68.11521036515569,47,Tile,Contemporary,2774.0680374569033
2,3,61.31844775044471,5,Carpet,Traditional,2955.0883030323494
2,3,124.89194751949829,11,Carpet,Industrial,3206.3431846037433
5,1,166.29293061814278,12,Laminate,Contemporary,4510.598932078498
3,2,32.952613674970266,42,Hardwood,Contemporary,2388.020992872249
1,3,194.05367169114825,11,Vinyl,Modern,3167.882917621164
5,2,156.85410781640158,6,Vinyl,Minimalist,3967.3105157443324
5,2,57.80157850381739,9,Tile,Minimalist,3613.9945423142544
2,2,146.0760702474896,16,Vinyl,Minimalist,3430.1938155182293
4,3,160.7911814057258,9,Hardwood,Modern,4021.864334866684
5,1,141.16002332529246,39,Vinyl,Minimalist,3280.547196056441
3,3,106.51391006893056,36,Carpet,Contemporary,3261.3915551889127
3,3,120.38991923398338,40,Tile,Traditional,2688.292997333777
4,1,181.82702875055813,33,Vinyl,Contemporary,3888.156020195326
1,3,135.03776790266588,12,Tile,Minimalist,2522.4862028251478
5,3,193.6402864619869,28,Hardwood,Contemporary,5698.088040710819
2,2,157.53914946363358,35,Laminate,Modern,3778.7223600657658
5,3,153.21619356187833,18,Laminate,Contemporary,4132.455942084905
5,2,160.75366379433206,5,Tile,Contemporary,3903.7956278732386
2,2,172.26511809677123,0,Carpet,Industrial,4057.5783013123464
1,3,69.15950860087449,42,Tile,Modern,2262.0187575990567
3,2,67.27282207773914,45,Carpet,Modern,2137.9217464811904
2,1,64.50153395142372,30,Vinyl,Industrial,2144.01812972646
2,1,95.4234696539929,6,Tile,Modern,3219.13132071625
4,3,45.29453210392431,27,Laminate,Contemporary,3348.39089651371
3,1,160.79568173257334,12,Carpet,Contemporary,4079.320075846241
3,1,97.07665015053243,37,Vinyl,Contemporary,2832.849781171023
5,3,184.0137916597855,16,Hardwood,Contemporary,4667.737656243674
2,1,75.60992572915809,48,Hardwood,Modern,1860.5804636609632
4,1,48.44219960501895,35,Vinyl,Modern,2109.6814090236735
3,1,66.35538253024377,31,Carpet,Modern,2700.0522909651436
5,2,69.01241721079967,19,Hardwood,Contemporary,3118.0898701929455
2,2,139.10216892965218,37,Carpet,Traditional,3552.6149303998577
3,1,198.51982057710754,7,Laminate,Minimalist,4432.751422890793
4,3,118.38755676483883,45,Vinyl,Industrial,4223.417228245106
1,3,179.18110233506914,7,Carpet,Industrial,4243.469485969316
4,2,73.27572865704985,47,Tile,Minimalist,2609.632418024549
1,3,162.93231641922452,15,Laminate,Minimalist,3681.8835787029016
5,3,90.49053682244048,24,Carpet,Traditional,3246.9190983202257
2,1,84.12505683928863,38,Tile,Minimalist,1912.6134600031105
4,3,85.200022416713,31,Laminate,Traditional,3256.07684811703
2,2,183.5975325355203,48,Hardwood,Traditional,3092.9162974087853
4,2,128.4224212071593,17,Tile,Modern,3213.854814552139
2,3,67.01945028851105,49,Laminate,Industrial,2240.688004848227
4,3,186.41014454050463,12,Vinyl,Contemporary,3672.9140604554095
2,2,124.30773409034303,40,Tile,Modern,3098.5973137377678
1,2,157.66861731070438,0,Hardwood,Traditional,3303.8586014060256
1,2,148.41846982472913,23,Carpet,Minimalist,3242.652196268156
5,3,153.96346746374132,38,Carpet,Contemporary,3861.8866377974155
3,2,130.0334195364759,24,Tile,Traditional,2918.124476872061
2,2,189.5738721902452,15,Hardwood,Contemporary,3922.225904086792
2,2,105.43828169648582,45,Tile,Industrial,2567.577045583682
3,1,111.48676266309134,8,Hardwood,Industrial,2637.5548547563208
4,3,47.53271358789692,35,Laminate,Industrial,2588.155905082062
3,2,152.56208301044938,47,Carpet,Industrial,3815.6888337671344
3,1,30.833044259690023,18,Vinyl,Industrial,2543.4550534289674
4,2,45.86632070697826,49,Hardwood,Traditional,2422.610685258683
2,1,163.9869932802255,16,Vinyl,Modern,3059.56217730247
2,1,165.92371262377134,15,Tile,Contemporary,3251.683777756044
4,3,90.1673420339486,29,Carpet,Traditional,4008.024736816468
5,1,172.6130527580926,33,Vinyl,Minimalist,4327.1158377180245
2,2,32.835626702347106,13,Tile,Contemporary,1790.864066551727
5,2,50.82192878406146,46,Laminate,Traditional,3440.958975077855
4,1,150.1987631502424,5,Carpet,Contemporary,4609.0199525155385
2,3,138.3877163371261,5,Vinyl,Minimalist,3332.9832009539864
2,3,39.455948442573735,22,Vinyl,Minimalist,2792.256747652763
2,1,159.64310154092084,3,Tile,Minimalist,3212.9412076533395
3,1,78.54159303899641,4,Tile,Minimalist,2802.493067550384
2,1,74.22108145632401,26,Hardwood,Traditional,2144.666560939494
3,3,85.62840997472834,29,Carpet,Contemporary,2468.17050407525
1,3,36.52227873741748,32,Hardwood,Industrial,2210.024689053751
1,3,31.228127857690964,0,Laminate,Industrial,2116.869115924824
1,3,195.02431068431162,21,Tile,Industrial,4032.4234538150295
3,2,175.1518703138516,46,Laminate,Contemporary,4086.1333422860116
4,2,69.5092847742883,21,Tile,Industrial,3662.555672277579
4,1,186.42613297432217,6,Vinyl,Minimalist,3650.812246943085
4,3,97.12913096202813,9,Laminate,Minimalist,3280.423577432202
3,1,195.90319468433623,28,Laminate,Modern,3108.1206929183822
5,2,37.5440750169214,46,Carpet,Modern,3316.6813316803223
3,3,120.70215248602145,33,Laminate,Contemporary,3944.688189982107
5,1,54.02130638252775,14,Vinyl,Industrial,3474.029835421006
2,1,61.883974979732244,22,Vinyl,Modern,2221.1855977357136
3,3,84.67699261119027,46,Vinyl,Traditional,2769.5721684731047
5,2,176.01482138629882,36,Carpet,Industrial,5138.348819269052
4,3,181.17071844134506,2,Hardwood,Modern,4604.799316402001
2,2,32.27247658184892,6,Vinyl,Minimalist,1994.0494741584257
1,1,184.18556561603975,2,Vinyl,Traditional,3256.715835570697
2,2,85.12325010090203,22,Laminate,Contemporary,2676.5371177980205
2,1,101.39080647492528,40,Tile,Modern,1963.4924945652174
2,3,83.50932117218338,37,Hardwood,Industrial,2752.4289136713383
5,2,41.293274818068916,40,Laminate,Modern,3333.6363562260703
4,1,116.41354161895825,34,Hardwood,Minimalist,2760.3067453838626
3,1,136.3453802047904,33,Hardwood,Traditional,2629.741398279856
2,2,82.19810688609617,13,Hardwood,Industrial,3113.600508884269
2,3,138.07933182278921,20,Vinyl,Traditional,3616.107811303512
5,2,47.515740625235026,11,Vinyl,Contemporary,2764.800759567209
4,1,70.98250465686496,33,Carpet,Industrial,3246.032531443158
3,1,177.26525556920794,47,Hardwood,Minimalist,3503.81810430851
3,3,105.09357649077026,17,Carpet,Minimalist,2909.8143185269755
2,3,133.54354772257867,49,Vinyl,Industrial,2628.925704161931
2,3,104.36151621867091,13,Hardwood,Modern,3212.1967425643534
4,2,81.8039816661286,15,Hardwood,Traditional,3540.114147594001
1,2,120.70800507073673,30,Hardwood,Minimalist,2664.5694765421176
2,2,124.60999544574649,35,Tile,Contemporary,2654.038176309848
2,3,83.56276991555283,17,Vinyl,Traditional,2919.680638995079
4,1,31.06291828795338,39,Tile,Minimalist,2450.388755855748
3,3,100.19411568082111,6,Laminate,Traditional,4006.8287135776836
5,3,82.67493870810817,33,Carpet,Minimalist,3204.3301202526022
1,3,111.27678474984414,3,Vinyl,Modern,2614.39285153778
1,1,39.317037189958285,41,Laminate,Industrial,1469.1886121617533
4,3,131.46518429837596,5,Hardwood,Minimalist,3782.3693940754592
2,1,77.40509912102597,34,Laminate,Modern,2673.765986411394
2,3,194.67686346216308,45,Carpet,Industrial,4415.413267389131
1,2,99.92581876267269,41,Hardwood,Industrial,2504.676380779755
3,3,33.471574166342876,10,Tile,Modern,2789.322810212256
4,2,128.29611659126934,13,Hardwood,Modern,4236.02679146735
5,1,157.52323857721845,30,Vinyl,Modern,3272.6364878725262
1,2,81.97684479711505,46,Vinyl,Traditional,2269.8713478788372
4,2,126.70559474331046,38,Tile,Traditional,3612.1244808446154
2,2,176.04739915827668,42,Vinyl,Minimalist,3035.336861981222
2,1,142.85782210407126,29,Tile,Traditional,3338.187447755512
4,2,163.65922775940928,46,Laminate,Contemporary,3525.1083947026564
4,1,113.53506304374548,9,Hardwood,Minimalist,3924.12907285938
2,3,73.54897855634158,35,Laminate,Contemporary,2965.3276239688985
5,1,44.04530027111588,7,Carpet,Modern,3387.9522250853493
3,1,46.789140612357166,32,Hardwood,Traditional,2186.144755200342
3,3,102.18029289393635,14,Carpet,Contemporary,3890.4509595102672
4,1,134.36491245859744,14,Vinyl,Traditional,3298.8905202778765
4,1,72.67799454460388,34,Tile,Contemporary,2450.91800031604
3,3,31.126980043262044,38,Laminate,Contemporary,2130.8103780922875
5,2,93.17287152857405,42,Hardwood,Industrial,3643.334772785887
4,3,68.95365347540967,43,Tile,Industrial,2987.0970981664154
3,1,165.5439411164976,20,Tile,Minimalist,4007.364827684184
1,1,87.83943378834823,37,Hardwood,Industrial,2174.1009793858548
3,2,46.44625223108039,8,Carpet,Traditional,2354.077091159076
5,1,116.45163885992385,18,Vinyl,Industrial,3034.692749000411
5,1,99.35116613315533,18,Carpet,Modern,3973.5108060953453
1,3,158.67989922031498,31,Vinyl,Industrial,2833.8002673576425
2,2,102.76889242588464,46,Carpet,Contemporary,2283.7973909995403
3,2,74.40358097134907,46,Tile,Contemporary,2225.4559829745617
4,2,105.81812201335758,24,Laminate,Contemporary,3901.2926995838575
5,3,182.1521075917513,30,Carpet,Traditional,4550.251374262023
2,2,162.9682299950305,6,Tile,Traditional,2944.3556588993793
3,3,107.97899745903035,13,Carpet,Traditional,3505.8674320739124
4,3,163.05506469419012,45,Hardwood,Contemporary,4385.089943080519
2,3,193.53187446109712,45,Vinyl,Industrial,4304.125646672748
5,1,172.9759466633552,43,Hardwood,Contemporary,4051.13903663025
4,3,123.46541736837843,6,Carpet,Modern,4256.707571427195
5,3,112.75613682486143,5,Vinyl,Minimalist,3538.789101088136
3,2,91.49178128630199,1,Carpet,Industrial,3470.5345405335356
2,3,48.93292833756442,44,Tile,Modern,1988.9778989714823
2,2,78.57011429157369,5,Tile,Minimalist,3253.5967825462735
2,1,88.13572725351344,33,Vinyl,Minimalist,2628.1325181420043
4,1,143.41791348217126,29,Hardwood,Modern,3631.7051923155673
2,3,33.641003746682635,34,Vinyl,Traditional,2121.248249590487
4,1,183.2537645969564,30,Hardwood,Traditional,4647.467851539586
4,3,31.41726506339737,20,Vinyl,Traditional,3093.1721983311018
3,1,57.62903825615348,46,Carpet,Modern,1861.617234548838
3,2,110.7102174047259,23,Carpet,Traditional,3662.233937688522
2,1,43.955686497394716,45,Laminate,Minimalist,1555.5684942565076
3,3,124.20337450326825,29,Carpet,Industrial,3362.84637216208
3,3,138.91510464860593,23,Hardwood,Contemporary,3033.166205566003
1,2,109.40045070908461,38,Vinyl,Traditional,2827.711510401251
5,2,88.08555720594292,34,Vinyl,Modern,3285.166792720768
5,1,149.11734265199914,16,Tile,Traditional,4294.692157411318
1,1,149.2376459606812,29,Carpet,Traditional,2322.6709313989036
5,3,78.9445333407487,34,Tile,Industrial,3420.392545321127
3,2,58.96397283139427,13,Carpet,Contemporary,3119.0100678401345
2,1,37.69211528543757,13,Vinyl,Industrial,1950.691729845134
5,1,34.50063200329585,10,Laminate,Contemporary,2798.1411789038602
4,1,43.29364948077696,12,Hardwood,Contemporary,2808.056264241045
1,1,58.05159043657018,16,Hardwood,Contemporary,2291.2479883711685
4,1,35.89416288014071,13,Laminate,Minimalist,2863.7261797403776
5,1,110.09438719876108,4,Hardwood,Industrial,3406.1939099338783
3,1,140.53666058275357,1,Tile,Modern,3487.121776913459
1,2,163.82848077135154,31,Laminate,Traditional,2983.7530358665217
3,2,88.20481840529601,27,Laminate,Industrial,2425.5035727957793
3,2,198.84318461300396,32,Hardwood,Traditional,4044.704088572736
4,3,38.849364908750694,42,Tile,Contemporary,2366.616217133988
1,1,158.59229340440683,31,Laminate,Minimalist,2552.148371224043
1,2,148.7108818661389,25,Carpet,Contemporary,2755.470658108137
3,2,191.96767945112109,44,Hardwood,Contemporary,3432.499436281737
5,1,35.4467705863655,37,Carpet,Modern,2238.117428535172
2,1,167.94147056796763,6,Vinyl,Contemporary,3157.942822653406
2,2,105.43380520173325,33,Laminate,Industrial,3011.7542663170466
3,3,57.87948076717368,21,Vinyl,Industrial,2794.8045448892767
3,3,47.78904975117078,3,Hardwood,Contemporary,2692.8767527448836
1,2,38.16483190560693,16,Hardwood,Industrial,2263.7359749897787
2,1,50.402623515927296,37,Carpet,Contemporary,2303.609955401404
1,2,73.72036857761833,46,Tile,Traditional,1822.8715819120346
4,2,73.25305103745774,43,Vinyl,Minimalist,2492.029017139518
4,3,75.11668590195595,48,Hardwood,Industrial,3158.494897223666
4,2,48.60330128381503,8,Carpet,Contemporary,3216.9281525782794
3,2,49.526505049508806,27,Laminate,Minimalist,2333.8224649281924
3,3,123.61457238856701,34,Tile,Traditional,2899.6452588366246
1,2,81.38498896666486,24,Laminate,Industrial,2635.5845724717
3,3,68.13114756712254,9,Hardwood,Industrial,3020.2919658940955
4,1,139.0871624535213,22,Carpet,Minimalist,4206.949855177822
3,2,107.25422897478369,29,Carpet,Traditional,3143.260919940866
3,1,155.58121535016434,40,Hardwood,Modern,2631.3723735064386
2,1,163.770732818037,33,Tile,Minimalist,2519.9466810049803
3,1,76.26364387639008,48,Tile,Traditional,2398.66542352947
3,1,82.42676254451364,10,Vinyl,Industrial,2760.009163472754
5,2,187.16711286930166,4,Vinyl,Traditional,3882.2651723150357
3,1,84.00238271136959,48,Carpet,Traditional,2852.5029970242854
2,2,125.93404635910707,2,Hardwood,Traditional,2857.1986255972365
3,1,62.455468756135666,13,Laminate,Traditional,2637.848574206654
1,3,30.9593029447482,30,Vinyl,Traditional,1923.6001656824392
1,1,85.56284171129114,35,Laminate,Traditional,1856.2455666128387
3,3,81.42522944020959,27,Hardwood,Industrial,3372.5211295494387
2,3,146.37642556509542,18,Hardwood,Modern,3482.5558317825585
4,2,161.50440085982675,42,Laminate,Traditional,4523.8695573009
1,3,47.53172994863822,45,Hardwood,Minimalist,1608.2953653598195
5,1,189.24503804746078,5,Laminate,Contemporary,4776.7146843918335
5,1,137.20556334074183,31,Laminate,Contemporary,4144.427138393172
4,3,160.96443364876484,35,Tile,Traditional,4793.487638843777
3,1,97.14899431325749,15,Carpet,Minimalist,2575.5444681419804
1,1,139.0201577914169,43,Carpet,Minimalist,2819.391474261264
3,2,129.27973232941216,26,Laminate,Traditional,3179.7641086499284
2,1,143.93081163816115,24,Tile,Minimalist,3526.0261733125776
2,1,188.56744224450543,3,Hardwood,Industrial,3673.6147461190017
5,3,136.22980573033848,19,Vinyl,Contemporary,4506.056363589929
2,3,61.55892783616452,25,Laminate,Industrial,2840.7976797428573
2,1,30.795593482522243,31,Hardwood,Traditional,1758.0450797528122
5,3,37.76559892777031,6,Laminate,Industrial,4006.3338183185656
4,1,123.46082564832834,25,Tile,Industrial,3681.2459288408804
3,2,182.3189979711761,11,Tile,Industrial,3911.6671478136427
2,1,181.53297597982927,8,Hardwood,Contemporary,2876.0152503232844
5,3,194.11584009221264,11,Hardwood,Minimalist,4470.711808217771
2,1,80.28948779250197,26,Tile,Minimalist,2127.21995432764
5,2,84.89060912030342,15,Laminate,Minimalist,3369.622605570988
1,1,94.73271330598713,36,Vinyl,Modern,1683.0799603108107
1,2,45.07891974146415,46,Laminate,Contemporary,1665.7494294022417
1,1,57.27565844435032,41,Hardwood,Contemporary,1790.4133372137674
5,1,74.82192818010593,32,Vinyl,Industrial,3018.2053798606507
3,1,32.400348141811904,38,Tile,Industrial,1751.7935177989584
1,1,51.25277728964525,39,Vinyl,Traditional,1773.5981309508097
4,3,60.3065822524609,24,Carpet,Industrial,3239.051123666416
1,1,147.8561296135781,37,Vinyl,Industrial,2628.700907084513
2,1,48.08688120828549,10,Carpet,Minimalist,2097.9136318498845
5,3,56.16115412426995,40,Hardwood,Contemporary,3759.1133125732013
1,3,112.80404947680812,30,Laminate,Industrial,2837.867746047511
4,1,107.16739770992251,41,Tile,Contemporary,2930.4096367689576
5,1,179.31368425116057,16,Laminate,Contemporary,4267.390501666668
3,2,33.32003352580949,48,Carpet,Industrial,2469.972527095204
1,3,87.5601712830481,37,Vinyl,Modern,2486.702465641671
4,3,134.2202021280544,23,Carpet,Modern,3238.5261248643988
3,1,54.21660288494716,33,Hardwood,Minimalist,1893.4101474782922
5,3,146.65265590008082,11,Vinyl,Traditional,4748.273488782049
4,1,37.584078393576206,18,Vinyl,Traditional,2433.0952257950003
3,1,77.60492283995848,28,Vinyl,Minimalist,2890.1241736938023
4,3,74.41324429518909,17,Laminate,Industrial,3635.254191453977
5,2,69.80163024205218,39,Hardwood,Industrial,2631.4860477253224
5,3,181.86443171301414,29,Laminate,Industrial,4462.51173078611
5,3,138.94465350918793,21,Tile,Contemporary,3703.3453373615675
4,1,80.49996161589556,38,Tile,Industrial,3097.756204684576
3,2,196.19861330010667,13,Laminate,Contemporary,4782.114676078458
4,2,141.43827845162278,36,Vinyl,Modern,2933.7725563585036
1,2,128.09273635990604,28,Laminate,Contemporary,2835.910538323205
4,3,128.9117397818021,29,Tile,Contemporary,3450.091250563442
3,2,130.06706399111087,5,Vinyl,Traditional,3584.1652675844753
4,1,146.47757745590008,18,Laminate,Minimalist,3679.694291173937
1,3,199.30978943907115,40,Tile,Contemporary,4030.2119495377665
3,1,158.29675892567334,23,Vinyl,Contemporary,4055.159223888658
1,3,188.08613810490542,35,Carpet,Minimalist,3483.882621604172
3,1,170.8386879377313,30,Laminate,Industrial,3746.4141164370867
2,2,163.46533317287907,43,Tile,Contemporary,3444.26077815431
2,2,165.9577373235526,33,Vinyl,Traditional,3042.2013087085807
5,3,101.45640632367231,28,Tile,Modern,4348.253555762615
1,2,121.50530735484172,47,Laminate,Industrial,2057.6510105511666
2,1,172.39500842938426,19,Hardwood,Modern,3387.7095515113497
1,1,66.13008362730774,2,Laminate,Industrial,2467.6206608791276
1,3,97.57634057872409,47,Tile,Contemporary,2107.836281904284
5,2,191.76616018958256,11,Vinyl,Minimalist,5428.577013539161
1,3,194.08367385249312,1,Laminate,Minimalist,4014.7601844729925
4,3,126.32905929411278,7,Tile,Minimalist,4657.388511814136
2,1,127.53652848484798,33,Tile,Traditional,2915.481518324168
3,1,40.622015782410024,29,Tile,Minimalist,2077.1319873092116
5,3,49.714697541833935,8,Laminate,Industrial,4184.994111577454
4,2,61.48662811127389,4,Hardwood,Contemporary,3326.2461345795805
4,1,63.50151283820243,1,Tile,Traditional,3499.918374888304
2,2,170.5085929934367,40,Vinyl,Industrial,3343.8511013278116
5,2,57.851283715381605,13,Carpet,Traditional,3288.215952473074
4,2,181.10014667065985,0,Tile,Modern,4428.546387151129
5,3,171.5681072958458,29,Vinyl,Minimalist,4050.2552482247656
5,1,30.69242018138864,3,Hardwood,Contemporary,3101.547089257613
2,1,62.270072680474996,24,Vinyl,Traditional,2452.072569987502
5,1,85.39937823915163,7,Vinyl,Minimalist,2963.6758594676176
3,2,135.7541800074575,2,Laminate,Contemporary,4031.681830575213
5,2,92.94173763380232,48,Hardwood,Industrial,3613.036413620531
3,2,79.18727585006545,37,Hardwood,Contemporary,2659.8136659188785
3,3,79.43421741687871,36,Laminate,Contemporary,3062.249084780116
2,2,121.24789327182836,8,Laminate,Traditional,3145.2081714935707
3,3,40.91120320305112,12,Carpet,Traditional,2604.434902340676
3,3,34.74732484484669,37,Hardwood,Contemporary,2036.9540711224245
2,1,174.2354602980111,29,Vinyl,Industrial,2744.905057274308
5,3,133.17815015887723,26,Carpet,Traditional,3883.0756941549894
1,3,146.76780402288117,11,Tile,Modern,3779.777213665329
4,3,59.02142654982501,17,Laminate,Industrial,2880.655238716543
5,2,116.95688443280454,37,Vinyl,Contemporary,3692.368806300304
2,2,74.06642873572723,48,Laminate,Modern,2407.589054723798
5,1,129.55105112580006,8,Vinyl,Minimalist,4154.404020146815
5,2,149.61783980515946,23,Carpet,Traditional,3909.0642597411206
1,1,49.557995839526136,3,Hardwood,Industrial,1635.5578360391864
5,2,134.33170536225197,44,Vinyl,Traditional,4375.68293760629
5,1,145.67918932002706,1,Tile,Traditional,4883.475969368327
5,1,63.35119821807646,43,Laminate,Traditional,2916.8322353115313
5,2,65.11151358428675,18,Vinyl,Traditional,3540.1942360272155
2,3,91.50168722577114,29,Tile,Contemporary,2462.363885655983
3,2,104.44691212891816,26,Tile,Minimalist,3243.9558791507457
2,1,58.23866696999642,26,Carpet,Industrial,1868.8700255222686
5,3,195.9638156314145,24,Hardwood,Minimalist,5347.443756829979
4,2,159.99453062046098,25,Tile,Contemporary,3738.4121708149814
2,3,94.26764072594626,9,Carpet,Minimalist,2591.02604594974
4,3,128.33088966020614,47,Vinyl,Minimalist,3882.0759761861227
1,2,90.85836840883285,27,Carpet,Industrial,2589.5917808374757
3,1,182.27951132774615,7,Hardwood,Minimalist,3982.164157828283
3,1,32.29126553247846,32,Tile,Traditional,2462.552555179495
2,3,161.78896590451978,45,Tile,Modern,3592.723042449946
4,2,44.56574265185627,46,Hardwood,Industrial,2974.3937815202016
4,2,140.1026431438396,4,Tile,Traditional,3504.16263849537
4,1,97.6580693187159,27,Tile,Industrial,3572.0957266150176
5,3,135.07943936152222,28,Vinyl,Traditional,3456.4949464705205
1,1,119.83561132533812,48,Laminate,Contemporary,1892.3016327713294
2,2,126.44768606102988,37,Laminate,Industrial,3167.3083374710823
1,3,83.48662877168829,14,Laminate,Contemporary,3012.7757567249623
1,1,160.77971934166163,46,Laminate,Contemporary,3019.9747364600075
4,3,168.59090470462482,41,Hardwood,Traditional,4030.312610735819
4,2,166.13046554226594,11,Tile,Minimalist,4384.401143017802
5,3,177.84694919518168,10,Carpet,Industrial,5252.739908374657
5,3,130.66996577689827,20,Vinyl,Traditional,4079.115162716608
5,3,88.48957483708736,46,Tile,Modern,3840.4858151184135
5,3,93.39938918147331,49,Tile,Contemporary,3174.3523589657825
1,3,67.76823001606589,21,Tile,Modern,2249.6189763632665
2,3,120.93874371408609,14,Vinyl,Modern,3885.181019804823
1,2,114.28354410808491,3,Carpet,Industrial,2810.8393834845288
1,2,102.87277533080324,45,Hardwood,Minimalist,2112.5216501152486
5,1,138.4083581026229,13,Carpet,Industrial,4023.4351676868705
4,1,66.06347844955083,35,Tile,Traditional,3157.447040752854
3,2,122.09774191235499,43,Carpet,Modern,3435.451778719693
4,2,148.1023032283127,31,Carpet,Industrial,4438.60292638175
2,2,157.43472840319677,21,Hardwood,Traditional,4022.99853550414
4,3,159.27683120837202,24,Vinyl,Contemporary,4062.460299551712
2,2,94.40134313970245,35,Carpet,Industrial,2830.2229340714903
4,2,96.79314582521529,41,Vinyl,Contemporary,3512.254246409672
3,3,160.5744164459155,9,Laminate,Contemporary,4465.470865427732
5,1,66.53481246090348,3,Laminate,Modern,3281.775334497654
3,1,134.15527422767406,49,Vinyl,Minimalist,3403.8244387767654
4,2,145.9008599314828,21,Laminate,Contemporary,3270.9910503572037
3,1,197.82088003639765,13,Laminate,Industrial,3219.375030496625
4,1,137.90555838297539,35,Laminate,Modern,3828.9719418305976
3,2,38.41308390144031,24,Hardwood,Traditional,2148.5287477870597
3,1,173.5967167764147,12,Tile,Industrial,3423.8242029168177
4,2,74.43787019510526,25,Laminate,Modern,3698.918372290896
4,3,124.73580877405543,31,Tile,Minimalist,3593.366175391353
3,2,120.46743804251878,33,Tile,Minimalist,3783.7599323675317
3,3,107.27508436940019,4,Carpet,Industrial,3805.1681391445723
3,2,114.66867729151613,33,Vinyl,Industrial,3384.7507616707326
1,1,164.01367882724415,20,Hardwood,Contemporary,3213.5475217172216
3,2,195.51680615903362,36,Tile,Minimalist,4163.949160090197
2,1,72.97683116322946,36,Laminate,Industrial,2558.0163104349317
1,1,93.37440590512992,36,Vinyl,Modern,2262.305666091848
2,3,80.20507522227199,38,Carpet,Modern,2470.966904641444
3,2,116.16827339208882,23,Vinyl,Industrial,2735.057479314061
5,1,93.18194002246236,43,Laminate,Industrial,3394.9941293289407
1,2,37.62563552094031,45,Vinyl,Industrial,1928.2301804285523
5,1,183.9163850138484,13,Vinyl,Modern,4023.9322176216247
1,3,127.94676396791218,19,Laminate,Contemporary,3024.702304525055
2,3,36.623724883720556,3,Laminate,Minimalist,2935.5974817680217
4,2,63.705452234072325,46,Tile,Minimalist,2970.340608253299
1,3,108.20423363628065,11,Vinyl,Industrial,2377.6045460171486
3,3,90.94884372712835,42,Laminate,Contemporary,2788.9971672579895
5,2,194.7594890206642,2,Tile,Industrial,5249.4228284852825
1,2,121.82195898185203,26,Vinyl,Industrial,2205.2390496367293
4,2,107.17611521301467,3,Vinyl,Contemporary,3367.9624575369207
5,2,98.84922152650635,23,Laminate,Minimalist,4167.6190009425245
1,2,176.69038293487935,40,Carpet,Contemporary,3554.2299247388596
2,1,183.2193197379473,44,Hardwood,Traditional,3592.294171667369
5,3,192.28044315786303,2,Vinyl,Contemporary,5656.962703933343
5,1,74.45412518721493,4,Tile,Contemporary,3724.596848127584
5,1,122.2050680942239,20,Vinyl,Modern,3691.3707584675367
2,1,118.87223274045348,32,Tile,Contemporary,2183.4632411225516
3,2,144.6400990984011,15,Laminate,Contemporary,4271.595182189706
2,3,182.48121108191472,45,Tile,Modern,3185.920607470441
4,2,89.47353235644128,4,Laminate,Industrial,3724.684684108686
5,3,112.84200147479011,10,Hardwood,Contemporary,3444.099271084292
4,1,118.97240676438587,48,Laminate,Industrial,3730.1495030086767
1,3,49.69167382461484,37,Laminate,Industrial,1634.9456182292504
5,2,36.51732796602275,26,Hardwood,Minimalist,3037.045651386981
4,2,107.51045233157365,21,Carpet,Minimalist,3269.0017828266377
5,2,196.59565450505048,39,Tile,Traditional,4643.332538037269
1,2,61.230119368326974,21,Tile,Modern,1707.5942211978881
2,3,119.91348388497661,3,Vinyl,Traditional,4027.742189136201
2,2,65.79138761393246,49,Carpet,Minimalist,2037.5820947936234
3,2,81.60361367357194,26,Laminate,Industrial,3270.5555945548494
3,1,178.06679451313815,49,Carpet,Modern,3548.93407613068
5,1,127.55065955257317,5,Laminate,Industrial,4524.013724423661
5,2,175.7258364860104,15,Vinyl,Minimalist,4562.000926130896
4,3,48.15187889250968,24,Vinyl,Industrial,3572.8431423836455
5,2,107.58947777744946,45,Tile,Minimalist,2826.5528763473467
2,3,54.648264982900656,41,Vinyl,Modern,1992.3918636942021
5,2,99.64380556359804,13,Carpet,Traditional,3421.5025699400708
4,2,193.7579106881431,44,Vinyl,Minimalist,4223.370091468053
2,3,110.84505740304415,29,Laminate,Minimalist,2671.984819879098
1,2,73.79283974175257,36,Tile,Contemporary,2479.5619430133816
3,2,148.41603026117755,47,Tile,Industrial,3345.8295500101467
5,2,197.27000391117141,29,Carpet,Modern,4512.140911688077
4,2,38.042541361410535,28,Hardwood,Modern,2612.2610534649425
5,3,193.39312997410943,4,Hardwood,Modern,5116.57509358671
1,1,171.66052196724303,10,Tile,Minimalist,2805.854494225786
5,2,42.28624251963723,25,Laminate,Minimalist,3025.0093670071205
1,2,180.25971245307954,45,Tile,Minimalist,3235.001645621543
4,1,92.23445189344716,38,Laminate,Minimalist,3318.8213763785852
2,3,49.931415116000395,40,Tile,Contemporary,2406.7079040479725
4,2,70.0678011906589,5,Carpet,Modern,3765.4742707649584
4,1,141.0386023205042,31,Vinyl,Minimalist,3845.7494493137347
3,1,53.66194828491847,11,Laminate,Traditional,2412.1763056097984
4,2,74.18645430694956,25,Vinyl,Industrial,3354.035535416335
4,2,159.1277478632404,12,Tile,Industrial,4730.016637212422
2,2,139.67357991861007,11,Vinyl,Industrial,2928.5404877276032
1,3,122.59992077451712,3,Carpet,Minimalist,2480.720185411458
2,1,93.14104695730323,32,Carpet,Contemporary,1929.2652954905
5,2,42.66552805466706,37,Vinyl,Industrial,3255.0979358936765
1,1,115.05097725512016,3,Tile,Traditional,2355.8549135420762
2,1,128.79471243683415,45,Carpet,Contemporary,2453.754536515442
3,1,31.58125415048581,11,Carpet,Minimalist,2475.1974573739512
3,1,101.24391839223004,20,Tile,Contemporary,3283.199392441122
3,3,95.09096571287071,0,Carpet,Contemporary,3533.8771265980026
4,2,116.27497111128764,28,Tile,Traditional,4103.147321776981
3,2,160.0834053887107,40,Hardwood,Minimalist,4096.449357095565
1,3,177.78384431565556,41,Vinyl,Contemporary,3089.357032580725
4,2,114.72786241827437,5,Laminate,Industrial,4015.0594807146026
5,1,59.72662043947496,13,Tile,Modern,3602.4906468381228
3,2,143.86880265058133,33,Tile,Industrial,3356.420172557597
2,2,96.95169241441629,27,Vinyl,Contemporary,2526.1406623355647
1,2,87.35355650769597,25,Laminate,Contemporary,2557.9179242887785
2,2,102.17711053599939,23,Carpet,Contemporary,3290.2488130251613
4,1,46.25281283908199,3,Vinyl,Contemporary,2609.115653221695
2,2,166.27515995804418,0,Tile,Traditional,3982.1889593210262
5,3,196.39395988248015,16,Hardwood,Modern,4610.681625560847
1,1,118.5151288415105,7,Carpet,Traditional,2535.2273144643245
5,2,141.34651235549532,2,Laminate,Modern,4060.8934882702547
3,2,144.66348998838407,4,Hardwood,Industrial,3664.779032712184
3,3,76.47038785195747,12,Tile,Contemporary,3529.0500557500113
1,2,103.01809782627862,11,Tile,Minimalist,2652.6627695598345
4,3,122.80125131369891,31,Tile,Traditional,3644.3902666639065
3,1,54.42730536381901,44,Hardwood,Traditional,1986.8309580443495
3,1,119.01479325367696,12,Hardwood,Contemporary,2896.1656342847127
5,3,137.02275988476524,32,Hardwood,Modern,3589.4305864506246
4,1,180.26039058574216,1,Carpet,Traditional,4302.095407296181
3,3,67.27159897931253,34,Tile,Traditional,2326.2962928742463
4,1,68.92564336589622,45,Vinyl,Modern,3075.077716257578
1,3,191.2093935668838,31,Carpet,Contemporary,3441.223220088093
5,3,123.53344844775044,1,Laminate,Contemporary,4603.454166074237
5,3,180.96518580859615,41,Vinyl,Minimalist,3957.9716657072836
4,2,33.34955405785872,10,Carpet,Modern,3194.622000585256
5,1,94.19452306145061,22,Laminate,Industrial,3530.5884046792276
2,2,186.3112957890141,46,Laminate,Modern,3144.2036180624978
4,2,165.92149564539847,5,Laminate,Industrial,4718.556035445175
1,3,152.52769602591798,9,Hardwood,Traditional,3202.6584646429437
1,1,180.81106069773872,34,Laminate,Modern,3250.7984500756115
3,2,185.57982666033425,39,Vinyl,Industrial,4191.2919504992515
2,1,190.6349060050855,9,Carpet,Contemporary,3852.729599159879
4,1,186.73821919125297,8,Vinyl,Traditional,4610.551899670319
4,1,68.4931171952137,23,Tile,Contemporary,3414.6554539825156
3,1,113.90272109914198,37,Carpet,Industrial,2990.2009258091057
1,1,189.69815695466798,30,Vinyl,Industrial,3656.438926843974
3,3,161.72952414001873,15,Tile,Traditional,4295.694473996348
5,1,137.09144028833057,39,Tile,Modern,4301.759256064885
5,3,193.68168824360745,47,Hardwood,Modern,3795.7270228013185
3,2,70.45410520598472,20,Carpet,Traditional,2707.66255031732
5,3,82.63419562669407,17,Carpet,Traditional,3730.274578184691
5,1,139.09517447092114,20,Hardwood,Minimalist,3878.9299032264203
4,3,117.69813699948514,43,Carpet,Industrial,2952.101947720353
5,3,41.34324137633258,11,Tile,Minimalist,3365.0498306096715
5,2,80.46585356775384,34,Laminate,Traditional,3475.190858108373
4,1,134.94980424123875,3,Tile,Traditional,3126.8664684957243
1,1,167.13472001987702,15,Laminate,Contemporary,2495.9092798386973
4,3,133.8812928087654,41,Hardwood,Industrial,3938.1182512626347
3,1,35.740336840935186,20,Tile,Minimalist,2045.629187611794
5,1,42.856227815002285,9,Laminate,Traditional,3053.397163956551
4,1,117.69492021638662,46,Laminate,Minimalist,3453.480321769117
3,3,60.56638822624155,6,Tile,Modern,2456.315275379343
3,2,181.62893365409647,34,Vinyl,Traditional,3341.252863466812
2,1,57.21452488801227,31,Hardwood,Traditional,2200.3593826752094
4,2,67.26965944739514,38,Vinyl,Traditional,3378.035045919217
3,1,183.29385976564853,47,Vinyl,Traditional,2994.133229198992
1,1,141.86419852005375,10,Hardwood,Minimalist,2365.7278742026847
3,2,86.01620471713117,37,Laminate,Traditional,2608.1329372515825
1,2,51.019528517046695,13,Laminate,Traditional,1859.0506757730586
4,2,128.84948920374802,39,Laminate,Industrial,4095.471996546172
1,2,167.23985788848591,22,Laminate,Modern,2618.7058311228816
4,3,110.67363520748454,33,Carpet,Modern,4245.698149810424
3,3,52.24589776338987,47,Vinyl,Traditional,2908.312933820191
5,3,191.8053307072622,45,Laminate,Contemporary,4142.808328090066
5,3,126.60690791024236,44,Hardwood,Contemporary,3577.128532776516
1,2,173.7243891926521,18,Tile,Traditional,3795.9368519037303
2,2,110.75562132988523,25,Hardwood,Contemporary,2618.2243542822844
5,2,164.49162492042083,15,Tile,Traditional,4296.526367646517
5,2,178.03373075924299,8,Tile,Contemporary,5421.60102334898
5,2,40.924574102537086,22,Hardwood,Industrial,3275.262232409263
4,2,75.11897720630688,40,Hardwood,Modern,3234.3286166877947
5,2,40.1580959338132,20,Tile,Modern,3581.279861642143
4,3,119.11898125322212,34,Laminate,Contemporary,3711.5242915336107
1,2,150.63120483982283,28,Carpet,Industrial,3348.441903787631
3,2,166.81777371204328,44,Laminate,Industrial,3997.5830584214905
5,3,73.773514293582,45,Carpet,Contemporary,3766.433768033559
3,1,105.7714926752164,48,Vinyl,Industrial,2330.7629818119963
4,3,114.91346815698928,36,Hardwood,Minimalist,3054.625670800726
3,3,95.17081317953894,25,Tile,Traditional,3552.7970787338727
1,1,179.79058815599754,31,Hardwood,Contemporary,3490.1068312544976
2,3,120.2582027742663,18,Vinyl,Minimalist,3798.85997069684
1,2,77.72890303810661,38,Laminate,Industrial,2049.8694339483345
5,2,154.80034668616634,34,Tile,Industrial,4567.478939558282
2,3,185.29752045471108,8,Laminate,Traditional,3966.9607770520497
1,3,107.89521155870953,8,Hardwood,Modern,3155.382367739474
5,3,104.15739414744067,4,Hardwood,Industrial,3405.576152473182
2,1,122.81220649432278,41,Carpet,Traditional,2934.4677452171895
4,1,37.387591905425346,13,Carpet,Contemporary,3062.538250262281
3,2,104.76385998103498,2,Carpet,Modern,3423.092684246518
5,2,97.59425648583797,39,Hardwood,Contemporary,3024.300351117675
3,2,185.93431753130832,26,Tile,Minimalist,3941.9366269817147
2,2,116.21655861039545,38,Tile,Traditional,2917.170634051196
5,1,197.01417896984364,44,Laminate,Modern,4131.782707324997
4,3,97.69014294508156,29,Vinyl,Traditional,3836.701791351934
1,1,75.82637510979596,20,Laminate,Minimalist,1668.5458679643507
3,3,66.42548160953481,13,Hardwood,Industrial,3247.2574386016095
4,1,176.96101490909382,28,Laminate,Minimalist,4318.013213646708
4,3,34.77563467006384,34,Hardwood,Traditional,2592.5119877534416
4,2,108.07093830939621,21,Laminate,Industrial,3222.129967408178
5,1,130.63222161890027,10,Tile,Traditional,3495.8617247825096
5,1,121.12299014974631,17,Laminate,Minimalist,3615.6566263366135
2,1,70.85047951499226,47,Carpet,Modern,1822.6162062173628
5,3,140.2332183228643,3,Laminate,Contemporary,4716.909493733935
4,3,156.90227408453123,35,Laminate,Modern,4042.631396715259
3,2,177.5442320987852,5,Hardwood,Traditional,3750.8755939256007
1,2,33.82022342865559,15,Hardwood,Contemporary,2206.165556369975
2,3,145.32355581466834,8,Carpet,Traditional,3700.7790071661298
4,2,133.1854984575853,13,Tile,Traditional,3841.752383643524
4,2,138.18288378085657,31,Laminate,Modern,3237.4885956575163
4,2,89.40948286695955,38,Hardwood,Industrial,3381.663831520417
3,1,151.52629832321844,13,Hardwood,Traditional,4048.9489084605175
2,2,107.4301297141326,17,Tile,Minimalist,3099.385676638907
4,1,71.13224314634859,6,Carpet,Industrial,3467.3124561649233
5,3,99.15112874938558,9,Laminate,Minimalist,3712.3766360840077
2,2,112.28469575453376,32,Laminate,Minimalist,2924.7129823669825
2,2,199.29646966516975,10,Laminate,Traditional,4642.518986299399
3,2,87.07594813812005,7,Vinyl,Minimalist,2579.002940195079
3,1,111.95064898581181,28,Laminate,Industrial,2410.0398140521897
4,2,75.33333754867566,41,Carpet,Traditional,3214.013438466502
2,2,163.57683925377464,22,Hardwood,Contemporary,2985.8446126100484
3,3,125.22761917624747,18,Vinyl,Traditional,3634.221680415515
2,2,186.26933777624347,17,Vinyl,Contemporary,3522.9101709456895
2,2,139.68472885837997,49,Carpet,Contemporary,3418.0592753316005
3,3,113.40580937742827,26,Carpet,Modern,4032.070751079177
3,2,39.99066736190494,26,Laminate,Minimalist,2597.6171427218624
3,2,189.54529125182736,17,Tile,Minimalist,4266.77630021078
4,1,49.530514455913895,43,Hardwood,Contemporary,2001.8344210198443
2,2,145.45018292828465,26,Tile,Traditional,3072.2934377864794
2,3,83.48399464655805,40,Laminate,Industrial,2469.823821676011
2,2,77.84046884597143,39,Vinyl,Minimalist,2533.124993535411
3,3,79.36090782353855,21,Tile,Contemporary,3368.7508653828063
4,2,116.76206063867994,37,Carpet,Modern,3770.98608565624
4,2,171.24665143543183,20,Hardwood,Industrial,3561.384510835165
1,1,90.52536466066422,40,Tile,Traditional,1803.0412417392806
1,1,171.68025280325955,20,Laminate,Minimalist,3098.2831807354614
1,1,110.33093595895008,41,Carpet,Contemporary,2353.388747972288
4,1,51.1859445593505,18,Carpet,Modern,2878.208706552276
3,3,115.00324900863872,0,Hardwood,Minimalist,3199.3220119612365
2,3,101.75406416173303,25,Tile,Modern,3033.942843173707
1,1,91.6067950560069,44,Tile,Contemporary,1584.271396671599
5,1,34.19399488229843,20,Vinyl,Traditional,2395.1329281179733
2,3,140.6585363444527,36,Hardwood,Modern,3671.093400858978
3,2,153.85687895333808,32,Laminate,Traditional,2969.426552332799
2,2,115.81219191946357,39,Tile,Contemporary,2232.335810303148
3,1,64.28780457629365,13,Vinyl,Traditional,2230.0397459865035
1,1,54.22385335441816,1,Vinyl,Modern,2143.920984046935
3,3,129.93108974430018,42,Carpet,Traditional,3974.669594542265
2,2,175.69055135820844,48,Carpet,Minimalist,2940.0000055722776
5,2,198.95415250606698,12,Vinyl,Minimalist,3979.736171385526
1,3,104.03365540751986,42,Carpet,Modern,2521.856706903894
1,3,126.60233002711226,41,Carpet,Modern,2739.0273421925353
3,1,194.40304015351603,45,Tile,Minimalist,3172.2916916399713
5,1,144.09851114399228,7,Tile,Contemporary,3934.2609766560527
4,3,97.78660634700697,24,Vinyl,Contemporary,3897.826021366858
4,1,199.95966384476083,28,Hardwood,Modern,3648.477282240898
5,1,100.88546988058805,10,Tile,Minimalist,3949.0045646423882
1,1,170.69206884748797,16,Tile,Industrial,3373.974847210796
1,2,40.74210383750202,48,Tile,Traditional,1641.7020753875681
3,2,74.59625415827934,15,Vinyl,Minimalist,3110.330138954897
3,2,178.7056036270097,9,Hardwood,Modern,4566.483400447971
2,3,130.39868135908256,41,Hardwood,Industrial,2567.32139262885
1,2,143.9649158416645,19,Carpet,Modern,2650.691287679311
3,2,46.31921499959609,9,Hardwood,Modern,3090.3409987667455
2,2,57.08731346482528,37,Carpet,Industrial,2233.207334791411
4,1,107.319226920664,4,Laminate,Contemporary,2995.43476337351
1,3,110.47406336644558,23,Carpet,Traditional,3041.939754021274
1,3,87.09810155062645,29,Laminate,Industrial,2526.0937050556786
5,2,179.53913260796216,26,Laminate,Industrial,4584.519260686193
4,2,33.684936958959355,49,Tile,Traditional,2557.427898505483
5,3,166.40313204568727,18,Hardwood,Industrial,4528.448303666762
4,1,120.37384738625428,4,Carpet,Industrial,4243.474486777451
5,2,84.48816257339939,14,Laminate,Traditional,2949.860294000229
